ID,曲
1,アイネクライネ
2,愛を止めないで
3,アウターサイエンス
4,アカツキアライヴァル
5,アゲハ蝶
6,アザレアの亡霊
7,あの夏の花火
8,あはは
9,アブストラクト・ナンセンス
10,アポロ
11,天ノ弱
12,アンインストール
13,アンドロメダアンドロメダ
14,unravel
15,アーティミシアの空想舞踏科学
16,It's magic
17,一斉の声
18,イドラのサーカス
19,命のユースティア
20,いろは唄
21,インビジブル
22,うっせぇわ
23,海の幽霊
24,裏表ラバーズ
25,うれしい!たのしい!大好き!
26,Woman
27,エイリアンエイリアン
28,echo
29,エンヴィキャットウォーク
30,Angle
31,え？、あぁ、そう。
32,おしゃかしゃま
33,オドループ
34,オワラセナイト
35,骸骨楽団とリリア
36,完全感覚dreamer
37,季節は次々死んでいく
38,空転G
39,カゲロウデイズ
40,奏
41,神のまにまに
42,神のまにまに
43,感電
44,カムパネルラ
45,紅蓮華
46,九龍レトロ
47,決戦は金曜日
48,氷のマニキュア
49,ココ
50,心絵
51,ゴーゴー幽霊船
52,Ghost_Under_the_Umbrella
53,ゴーストルール
54,サウダージ
55,桜前線異常ナシ
56,さよなら
57,さよならエレジー
58,さらば碧き面影
59,残酷な天使のテーゼ
60,シリョクケンサ
61,深海少女
62,ジベタトラベル
63,Just a game
64,Just Be Friends
65,シャルル
66,シュガーソングとビターステップ
67,心臓
68,スパークガールシンドローム
69,砂の惑星
70,セツナトリップ
71,千年の独奏歌
72,脱法ロック
73,タイムマシン
74,ダブルラリアット
75,地上の星
76,チュルリダチュルリダダッダッダッダ
77,ツキアカリ
78,TAKE YOU TO THE SKY HIGH
79,東京テディベア
80,トキヲ_ファンカ
81,ドーナツ・ソング
82,ドーナツホール
83,ドラマツルギー
84,熱情のスペクトラム
85,ノイジーラバーソウル
86,灰色と青
87,灰よ
88,ハウトゥー世界征服
89,bad apple
90,バケモノダンスフロア
91,バビロン
92,花
93,ハナミズキ
94,ハネウマライダー
95,パレード
96,春よ、来い
97,パンダヒーロー
98,ヒミツ
99,ヒバナ
100,白虎野の娘
101,ピースサイン
102,ビーストダンス
103,B-Class Heroes
104,陽のあたる場所
105,不可幸力
106,プラスティックラブ
107,ブリキノダンス
108,プリズム
109,believer
110,Breathe
111,埠頭を渡る風
112,Flamingo
113,FREELY TOMORROW
114,from Y to Y
115,ぼかろころしあむ
116,magnet
117,マダラカルト
118,MAD HEAD LOVE
119,マトリョシカ
120,真夏の夜の夢
121,マリーゴールド
122,マリオネットシンドローム
123,皆殺しのマジック
124,メーベル
125,メランコリック
126,ヤンキーボーイ・ヤンキーガール
127,幽霊屋敷の首吊り少女
128,夜咄ディセイブ
129,夜は眠れるかい
130,夜に駆ける
131,ライオン
132,LIFE
133,ラブストーリーは突然に
134,米津玄師  MV「リビングデッド・ユース」
135,流星のサドル
136,LOSER
137,RAGE OF DUST
138,rtrt
139,ロキ
140,lost in pdradice
141,ロストワンの号哭
142,輪舞曲 
143,ローリンガール
144,ワールズエンド・ダンスホール
145,ワンダーランドと羊の歌
146,パラジクロロベンゼン×アンチクロロベンゼン
147,アンチクロロベンゼン
148,Sorafune
149,ラブカ？
150,君が飛び降りるというのなら
151,Ты не такой